pk,username,create_time
1,user_0001,2023-02-27 20:08:13
2,user_0002,2023-09-18 05:51:00
3,user_0003,2023-02-02 17:22:28
4,user_0004,2023-11-08 05:50:22
5,user_0005,2023-12-17 08:16:21
6,user_0006,2023-12-19 14:47:27
7,user_0007,2023-08-19 08:09:51
8,user_0008,2023-05-02 07:33:30
9,user_0009,2023-10-03 12:41:55
10,user_0010,2023-05-03 20:09:27
11,user_0011,2022-09-08 21:06:42
12,user_0012,2022-09-09 10:48:09
13,user_0013,2023-02-14 23:42:03
14,user_0014,2023-11-10 09:13:19
15,user_0015,2023-03-30 04:12:24
16,user_0016,2022-10-28 07:33:51
17,user_0017,2023-01-12 09:30:02
18,user_0018,2023-09-28 23:37:20
19,user_0019,2022-12-07 00:36:12
20,user_0020,2023-06-26 19:29:18
21,user_0021,2023-07-28 20:19:28
22,user_0022,2023-02-05 21:49:19
23,user_0023,2023-09-18 22:35:49
24,user_0024,2022-12-17 20:37:35
25,user_0025,2023-11-04 23:16:14
26,user_0026,2022-08-02 18:00:21
27,user_0027,2023-07-14 02:36:43
28,user_0028,2023-11-11 09:36:18
29,user_0029,2023-07-21 19:39:59
30,user_0030,2022-10-19 07:10:18
31,user_0031,2023-03-10 17:59:43
32,user_0032,2023-05-29 03:41:50
33,user_0033,2023-08-13 01:00:08
34,user_0034,2022-10-09 01:22:41
35,user_0035,2023-03-10 22:44:34
36,user_0036,2023-06-23 08:29:42
37,user_0037,2024-01-10 14:17:53
38,user_0038,2023-04-03 13:02:28
39,user_0039,2022-08-14 19:32:22
40,user_0040,2023-11-12 12:21:18
41,user_0041,2023-01-14 17:02:25
42,user_0042,2023-03-16 21:51:09
43,user_0043,2022-09-12 08:05:58
44,user_0044,2022-09-24 13:23:37
45,user_0045,2023-02-24 20:20:05
46,user_0046,2023-11-16 19:35:07
47,user_0047,2023-07-02 21:00:43
48,user_0048,2023-03-31 08:42:36
49,user_0049,2023-10-30 21:31:59
50,user_0050,2023-10-30 12:16:57
51,user_0051,2023-08-09 12:11:59
52,user_0052,2022-08-11 10:12:06
53,user_0053,2023-04-12 05:09:47
54,user_0054,2023-01-09 17:18:59
55,user_0055,2023-11-02 15:17:26
56,user_0056,2023-12-14 20:21:07
57,user_0057,2023-07-26 23:15:04
58,user_0058,2022-09-06 07:54:40
59,user_0059,2023-10-17 04:23:42
60,user_0060,2023-09-02 16:32:50
61,user_0061,2022-10-06 20:44:18
62,user_0062,2023-03-16 16:27:46
63,user_0063,2023-01-21 14:47:15
64,user_0064,2022-12-26 13:02:27
65,user_0065,2023-04-03 00:32:17
66,user_0066,2022-10-24 14:25:41
67,user_0067,2022-11-09 07:28:10
68,user_0068,2022-08-24 08:36:18
69,user_0069,2023-01-13 04:55:14
70,user_0070,2023-04-24 14:51:21
71,user_0071,2023-10-17 06:06:59
72,user_0072,2023-08-31 02:25:56
73,user_0073,2022-08-04 01:30:57
74,user_0074,2022-12-19 11:39:39
75,user_0075,2022-11-07 20:25:27
76,user_0076,2023-01-12 23:36:26
77,user_0077,2023-02-10 20:28:54
78,user_0078,2023-12-09 14:36:24
79,user_0079,2023-11-11 01:43:03
80,user_0080,2022-12-14 22:41:11
81,user_0081,2022-07-21 15:34:52
82,user_0082,2022-08-25 17:01:57
83,user_0083,2022-12-31 01:33:26
84,user_0084,2022-08-29 04:43:32
85,user_0085,2023-11-07 09:43:46
86,user_0086,2023-05-17 15:11:13
87,user_0087,2022-08-21 00:45:07
88,user_0088,2023-12-25 23:20:06
89,user_0089,2023-06-15 18:50:01
90,user_0090,2023-11-24 05:43:43
91,user_0091,2023-02-18 23:14:11
92,user_0092,2023-10-01 06:15:56
93,user_0093,2023-06-12 22:50:56
94,user_0094,2022-09-20 09:02:27
95,user_0095,2022-08-27 01:51:21
96,user_0096,2022-08-18 23:28:07
97,user_0097,2022-10-14 09:31:37
98,user_0098,2023-11-03 06:05:19
99,user_0099,2022-09-09 00:41:22
100,user_0100,2022-09-28 09:01:54
101,user_0101,2023-02-10 01:16:54
102,user_0102,2023-09-09 06:37:32
103,user_0103,2023-07-15 04:25:36
104,user_0104,2023-01-04 18:10:38
105,user_0105,2022-09-11 15:30:17
106,user_0106,2022-12-04 15:44:37
107,user_0107,2022-08-10 05:18:17
108,user_0108,2023-06-06 01:42:27
109,user_0109,2023-04-29 12:04:19
110,user_0110,2023-11-17 08:56:38
111,user_0111,2022-09-30 18:31:07
112,user_0112,2023-08-13 09:35:48
113,user_0113,2022-11-14 10:03:20
114,user_0114,2023-05-24 21:17:57
115,user_0115,2023-08-05 04:10:20
116,user_0116,2022-12-06 05:46:43
117,user_0117,2023-12-30 01:42:40
118,user_0118,2023-03-18 11:29:14
119,user_0119,2023-04-08 17:51:30
120,user_0120,2023-01-04 06:07:08
121,user_0121,2022-09-21 13:58:36
122,user_0122,2023-04-29 09:45:34
123,user_0123,2023-02-02 06:34:31
124,user_0124,2023-04-04 20:43:10
125,user_0125,2023-09-24 20:50:35
126,user_0126,2022-12-16 05:38:21
127,user_0127,2023-07-01 16:20:59
128,user_0128,2023-03-26 15:57:19
129,user_0129,2023-10-07 05:29:39
130,user_0130,2022-10-03 12:02:48
131,user_0131,2023-03-06 23:06:31
132,user_0132,2023-12-16 19:09:56
133,user_0133,2022-12-02 14:47:30
134,user_0134,2022-09-29 18:55:19
135,user_0135,2022-11-07 22:39:19
136,user_0136,2023-04-04 02:17:39
137,user_0137,2023-09-05 01:13:18
138,user_0138,2022-11-21 16:01:28
139,user_0139,2023-09-08 03:26:19
140,user_0140,2023-05-21 22:23:28
141,user_0141,2023-06-05 08:20:17
142,user_0142,2023-03-10 06:47:52
143,user_0143,2023-08-17 19:31:24
144,user_0144,2023-04-26 06:20:34
145,user_0145,2023-11-18 01:32:50
146,user_0146,2023-06-10 10:28:08
147,user_0147,2023-07-12 06:12:18
148,user_0148,2023-06-15 09:57:16
149,user_0149,2023-11-06 09:55:33
150,user_0150,2023-06-17 16:18:16
151,user_0151,2023-06-04 14:07:10
152,user_0152,2023-04-21 09:23:34
153,user_0153,2022-07-27 07:19:03
154,user_0154,2022-10-30 07:09:00
155,user_0155,2022-12-07 06:47:06
156,user_0156,2023-06-17 21:12:19
157,user_0157,2022-12-24 14:29:30
158,user_0158,2023-03-21 04:23:29
159,user_0159,2023-11-07 02:08:05
160,user_0160,2022-09-24 06:50:59
161,user_0161,2022-10-09 13:01:00
162,user_0162,2023-05-23 13:22:34
163,user_0163,2022-12-11 17:18:04
164,user_0164,2022-09-07 09:04:59
165,user_0165,2022-09-19 17:49:06
166,user_0166,2023-03-31 18:05:35
167,user_0167,2023-07-26 09:29:21
168,user_0168,2022-09-09 15:58:13
169,user_0169,2022-12-23 10:11:08
170,user_0170,2023-12-10 15:59:02
171,user_0171,2023-01-06 16:19:00
172,user_0172,2022-07-28 18:36:40
173,user_0173,2022-10-15 06:45:57
174,user_0174,2023-12-01 10:30:42
175,user_0175,2022-09-22 12:36:35
176,user_0176,2022-09-11 18:47:24
177,user_0177,2023-10-09 12:45:34
178,user_0178,2022-12-25 08:58:48
179,user_0179,2023-01-27 13:57:56
180,user_0180,2023-05-21 20:48:16
181,user_0181,2022-10-12 06:47:16
182,user_0182,2023-09-04 18:15:12
183,user_0183,2023-01-02 05:14:45
184,user_0184,2023-01-29 14:38:14
185,user_0185,2023-04-28 04:14:35
186,user_0186,2022-09-06 08:13:08
187,user_0187,2022-11-28 06:47:53
188,user_0188,2022-09-14 22:36:04
189,user_0189,2022-11-02 09:55:55
190,user_0190,2023-08-03 09:20:35
191,user_0191,2022-08-13 14:01:24
192,user_0192,2023-07-05 04:19:39
193,user_0193,2023-08-26 22:51:43
194,user_0194,2023-11-11 13:51:37
195,user_0195,2023-10-26 16:23:33
196,user_0196,2022-11-16 08:46:45
197,user_0197,2023-02-01 04:02:48
198,user_0198,2023-05-19 16:25:49
199,user_0199,2023-01-02 19:35:58
200,user_0200,2023-05-11 22:37:33
201,user_0201,2023-12-02 02:48:24
202,user_0202,2023-05-18 02:57:02
203,user_0203,2023-12-18 05:35:17
204,user_0204,2023-04-25 22:33:39
205,user_0205,2023-10-06 20:56:03
206,user_0206,2023-01-30 20:24:04
207,user_0207,2023-05-17 01:26:59
208,user_0208,2023-03-24 11:35:26
209,user_0209,2022-09-28 13:42:28
210,user_0210,2023-07-08 20:08:42
211,user_0211,2022-11-20 04:10:53
212,user_0212,2023-07-24 10:35:15
213,user_0213,2023-09-14 19:00:51
214,user_0214,2022-10-26 19:16:06
215,user_0215,2023-09-22 12:41:07
216,user_0216,2023-06-24 04:35:09
217,user_0217,2023-08-16 11:19:14
218,user_0218,2022-12-01 06:28:32
219,user_0219,2023-02-10 13:08:54
220,user_0220,2022-12-19 05:21:42
221,user_0221,2023-07-13 01:58:28
222,user_0222,2023-11-12 13:47:35
223,user_0223,2022-09-08 08:38:32
224,user_0224,2022-08-13 11:44:49
225,user_0225,2023-06-13 22:08:43
226,user_0226,2023-01-29 06:44:57
227,user_0227,2023-12-16 02:49:52
228,user_0228,2023-05-31 23:55:34
229,user_0229,2023-09-16 04:00:04
230,user_0230,2023-02-12 06:48:44
231,user_0231,2023-09-03 15:51:02
232,user_0232,2023-09-30 14:23:14
233,user_0233,2022-12-06 17:49:46
234,user_0234,2023-01-17 05:54:48
235,user_0235,2023-10-31 20:02:20
236,user_0236,2023-07-18 21:21:20
237,user_0237,2023-05-29 02:18:38
238,user_0238,2022-12-10 09:44:12
239,user_0239,2023-05-24 01:09:50
240,user_0240,2022-07-25 02:55:12
241,user_0241,2023-05-21 14:49:30
242,user_0242,2022-08-10 11:40:56
243,user_0243,2022-12-19 16:32:55
244,user_0244,2023-10-02 08:57:25
245,user_0245,2023-06-01 02:47:43
246,user_0246,2023-10-17 02:16:00
247,user_0247,2023-04-07 00:24:26
248,user_0248,2023-08-23 07:35:50
249,user_0249,2023-04-05 12:23:22
250,user_0250,2022-10-25 18:22:27
251,user_0251,2023-04-28 10:50:13
252,user_0252,2023-06-12 09:38:38
253,user_0253,2022-10-10 13:38:04
254,user_0254,2022-08-24 19:11:45
255,user_0255,2023-12-19 14:53:55
256,user_0256,2023-12-04 13:40:50
257,user_0257,2023-03-31 11:39:36
258,user_0258,2023-10-01 00:15:57
259,user_0259,2023-07-22 16:00:07
260,user_0260,2023-03-30 20:43:24
261,user_0261,2023-11-08 05:14:37
262,user_0262,2022-09-17 19:00:14
263,user_0263,2023-10-25 03:36:28
264,user_0264,2024-01-14 14:39:18
265,user_0265,2023-10-19 13:52:53
266,user_0266,2023-04-04 19:27:53
267,user_0267,2023-08-17 08:45:56
268,user_0268,2023-12-17 04:21:17
269,user_0269,2023-04-02 11:42:23
270,user_0270,2023-04-19 23:59:00
271,user_0271,2022-09-08 06:43:53
272,user_0272,2022-08-21 00:26:07
273,user_0273,2023-03-20 01:19:52
274,user_0274,2023-07-11 09:14:10
275,user_0275,2022-09-14 11:29:14
276,user_0276,2022-12-03 04:40:25
277,user_0277,2023-01-08 05:59:35
278,user_0278,2023-08-22 20:14:25
279,user_0279,2022-07-25 02:41:49
280,user_0280,2023-03-24 21:45:22
281,user_0281,2023-08-13 18:47:20
282,user_0282,2023-11-11 09:32:43
283,user_0283,2023-01-29 08:40:18
284,user_0284,2023-12-30 06:24:50
285,user_0285,2023-12-19 15:34:19
286,user_0286,2023-10-21 23:39:20
287,user_0287,2023-11-29 22:44:01
288,user_0288,2023-02-24 09:32:14
289,user_0289,2022-12-26 10:31:51
290,user_0290,2022-11-25 10:23:30
291,user_0291,2023-10-06 12:35:54
292,user_0292,2022-11-19 15:34:12
293,user_0293,2023-04-21 13:36:51
294,user_0294,2022-08-15 09:24:56
295,user_0295,2023-04-15 16:03:35
296,user_0296,2023-01-20 00:39:54
297,user_0297,2022-11-15 22:17:38
298,user_0298,2023-05-24 14:07:37
299,user_0299,2022-08-28 23:41:00
300,user_0300,2022-12-30 00:03:37
301,user_0301,2023-09-06 14:22:15
302,user_0302,2022-07-21 10:51:55
303,user_0303,2022-10-07 05:11:54
304,user_0304,2023-01-10 04:21:09
305,user_0305,2022-10-05 03:40:40
306,user_0306,2023-12-15 19:55:43
307,user_0307,2024-01-14 05:50:37
308,user_0308,2023-05-03 23:45:33
309,user_0309,2022-12-03 11:08:25
310,user_0310,2023-10-10 04:39:23
311,user_0311,2022-12-31 19:35:29
312,user_0312,2023-09-05 05:15:10
313,user_0313,2023-11-27 17:04:49
314,user_0314,2022-07-28 16:00:15
315,user_0315,2023-07-10 06:04:01
316,user_0316,2023-04-11 05:26:22
317,user_0317,2023-08-15 01:28:35
318,user_0318,2022-10-02 04:14:01
319,user_0319,2023-10-08 13:30:21
320,user_0320,2023-10-10 04:17:38
321,user_0321,2023-08-06 09:31:06
322,user_0322,2023-09-19 15:38:20
323,user_0323,2024-01-14 13:28:51
324,user_0324,2023-08-09 14:45:23
325,user_0325,2023-01-07 00:31:45
326,user_0326,2023-05-23 04:41:20
327,user_0327,2024-01-01 05:01:39
328,user_0328,2023-11-06 15:11:32
329,user_0329,2022-09-14 20:27:17
330,user_0330,2022-08-19 09:20:07
331,user_0331,2022-10-19 01:23:43
332,user_0332,2023-10-21 07:08:31
333,user_0333,2023-07-27 19:40:53
334,user_0334,2022-10-31 07:31:47
335,user_0335,2023-08-28 21:32:39
336,user_0336,2023-06-12 06:49:34
337,user_0337,2023-12-08 01:57:07
338,user_0338,2023-04-11 09:27:49
339,user_0339,2022-12-02 04:56:05
340,user_0340,2024-01-05 02:23:55
341,user_0341,2023-09-06 06:03:08
342,user_0342,2023-07-30 04:19:46
343,user_0343,2022-11-11 09:33:54
344,user_0344,2023-12-19 05:49:35
345,user_0345,2023-01-06 08:32:25
346,user_0346,2023-07-05 18:22:08
347,user_0347,2023-12-12 07:24:29
348,user_0348,2023-08-25 04:26:49
349,user_0349,2022-09-16 06:59:31
350,user_0350,2023-11-27 22:49:35
351,user_0351,2023-07-04 21:39:53
352,user_0352,2022-08-25 17:30:33
353,user_0353,2023-07-29 14:55:41
354,user_0354,2023-01-28 09:07:17
355,user_0355,2023-01-18 14:15:52
356,user_0356,2023-10-16 14:58:19
357,user_0357,2022-11-09 19:43:58
358,user_0358,2023-11-29 09:26:40
359,user_0359,2022-09-02 07:54:37
360,user_0360,2023-12-24 14:13:49
361,user_0361,2023-10-03 20:21:21
362,user_0362,2024-01-12 04:14:08
363,user_0363,2022-09-26 20:30:58
364,user_0364,2023-10-09 12:47:34
365,user_0365,2023-05-28 20:27:40
366,user_0366,2023-04-26 05:05:39
367,user_0367,2023-07-09 08:36:27
368,user_0368,2023-07-24 08:06:43
369,user_0369,2023-06-24 20:32:35
370,user_0370,2022-10-23 15:34:52
371,user_0371,2022-07-31 00:17:34
372,user_0372,2022-10-16 08:26:44
373,user_0373,2023-04-22 12:53:21
374,user_0374,2024-01-02 01:30:27
375,user_0375,2023-04-29 05:48:18
376,user_0376,2023-11-08 08:06:33
377,user_0377,2022-09-22 13:10:21
378,user_0378,2024-01-11 00:08:50
379,user_0379,2023-03-08 09:27:30
380,user_0380,2023-12-16 21:46:29
381,user_0381,2022-10-26 17:13:59
382,user_0382,2023-12-20 21:43:08
383,user_0383,2022-10-20 20:55:44
384,user_0384,2022-11-22 12:21:37
385,user_0385,2023-02-09 03:41:27
386,user_0386,2023-02-28 10:08:35
387,user_0387,2022-09-08 22:29:17
388,user_0388,2022-08-31 22:46:58
389,user_0389,2024-01-15 17:05:32
390,user_0390,2022-08-09 04:53:25
391,user_0391,2022-10-27 22:45:35
392,user_0392,2022-12-05 05:40:16
393,user_0393,2023-11-15 22:23:21
394,user_0394,2022-07-19 22:06:13
395,user_0395,2022-11-23 08:36:02
396,user_0396,2023-05-21 18:33:58
397,user_0397,2023-04-12 04:51:46
398,user_0398,2023-01-28 06:46:16
399,user_0399,2023-01-10 03:26:41
400,user_0400,2023-02-03 18:15:30
401,user_0401,2022-12-11 14:15:18
402,user_0402,2023-08-02 19:16:45
403,user_0403,2022-11-20 17:13:33
404,user_0404,2023-04-27 09:17:42
405,user_0405,2022-10-13 21:21:10
406,user_0406,2023-01-25 13:04:14
407,user_0407,2023-10-29 17:40:42
408,user_0408,2022-09-02 00:51:52
409,user_0409,2022-11-17 20:36:32
410,user_0410,2023-08-11 16:49:02
411,user_0411,2023-08-08 05:24:12
412,user_0412,2023-03-04 02:00:11
413,user_0413,2023-12-28 15:30:08
414,user_0414,2023-11-23 09:17:44
415,user_0415,2022-09-05 10:06:40
416,user_0416,2023-05-20 17:15:05
417,user_0417,2022-08-31 07:54:46
418,user_0418,2023-03-25 01:59:55
419,user_0419,2023-09-12 18:49:37
420,user_0420,2023-10-07 11:45:20
421,user_0421,2023-09-06 18:41:56
422,user_0422,2023-10-27 09:58:32
423,user_0423,2023-04-09 18:35:49
424,user_0424,2022-10-02 01:28:52
425,user_0425,2023-07-28 10:23:40
426,user_0426,2022-07-20 23:20:18
427,user_0427,2023-07-09 17:49:51
428,user_0428,2023-07-29 04:32:32
429,user_0429,2023-08-17 19:56:59
430,user_0430,2023-11-25 17:59:38
431,user_0431,2023-06-09 06:05:50
432,user_0432,2023-07-28 13:31:05
433,user_0433,2022-09-15 13:52:15
434,user_0434,2023-08-21 14:49:24
435,user_0435,2022-11-01 03:23:25
436,user_0436,2022-08-02 10:39:20
437,user_0437,2024-01-12 17:13:43
438,user_0438,2023-01-14 22:12:31
439,user_0439,2022-12-27 18:06:16
440,user_0440,2022-11-13 17:52:49
441,user_0441,2022-09-24 08:57:20
442,user_0442,2023-04-29 15:49:37
443,user_0443,2023-12-21 23:15:53
444,user_0444,2023-12-23 12:41:38
445,user_0445,2023-04-15 00:02:03
446,user_0446,2023-03-29 14:16:24
447,user_0447,2023-11-11 16:15:25
448,user_0448,2023-02-10 02:20:59
449,user_0449,2023-10-02 08:39:12
450,user_0450,2023-04-14 08:36:11
451,user_0451,2022-11-27 23:38:24
452,user_0452,2022-12-16 22:55:15
453,user_0453,2023-06-13 10:39:12
454,user_0454,2023-04-24 08:56:42
455,user_0455,2023-10-31 23:29:42
456,user_0456,2022-10-08 02:30:04
457,user_0457,2023-06-10 09:00:09
458,user_0458,2022-09-21 20:53:52
459,user_0459,2023-06-29 23:47:50
460,user_0460,2024-01-04 23:01:53
461,user_0461,2022-08-14 08:50:33
462,user_0462,2022-08-07 05:42:03
463,user_0463,2023-11-07 09:42:51
464,user_0464,2023-02-04 17:38:22
465,user_0465,2023-03-04 10:59:06
466,user_0466,2022-08-31 18:11:45
467,user_0467,2023-01-09 01:03:19
468,user_0468,2024-01-06 08:12:33
469,user_0469,2023-05-19 07:37:41
470,user_0470,2023-02-18 04:51:44
471,user_0471,2023-09-09 19:23:10
472,user_0472,2022-07-18 16:08:50
473,user_0473,2023-07-10 05:55:19
474,user_0474,2023-01-02 01:45:02
475,user_0475,2023-07-03 03:16:11
476,user_0476,2023-11-23 14:25:38
477,user_0477,2023-11-08 04:50:02
478,user_0478,2023-12-30 09:32:16
479,user_0479,2022-09-15 12:31:35
480,user_0480,2023-05-12 09:47:59
481,user_0481,2023-08-12 16:49:58
482,user_0482,2022-10-28 19:08:45
483,user_0483,2022-11-15 09:02:18
484,user_0484,2023-03-02 16:34:09
485,user_0485,2024-01-09 00:07:01
486,user_0486,2023-03-15 10:37:54
487,user_0487,2022-11-05 05:18:17
488,user_0488,2023-02-01 11:36:17
489,user_0489,2023-04-24 19:04:56
490,user_0490,2023-08-16 12:29:02
491,user_0491,2022-12-30 03:17:44
492,user_0492,2023-03-28 09:13:08
493,user_0493,2023-12-14 15:51:03
494,user_0494,2023-06-01 06:12:15
495,user_0495,2023-06-11 15:37:59
496,user_0496,2023-10-23 08:36:08
497,user_0497,2023-04-17 07:27:53
498,user_0498,2022-09-26 08:34:59
499,user_0499,2023-01-24 23:43:25
500,user_0500,2022-07-20 21:11:42
501,user_0501,2023-02-03 21:01:00
502,user_0502,2023-03-28 12:55:04
503,user_0503,2022-12-11 08:13:08
504,user_0504,2023-10-13 04:53:48
505,user_0505,2023-03-19 07:25:52
506,user_0506,2022-10-19 15:13:11
507,user_0507,2022-10-22 12:52:42
508,user_0508,2023-05-10 09:13:25
509,user_0509,2023-11-27 04:47:55
510,user_0510,2023-03-01 15:38:00
511,user_0511,2023-02-10 08:27:07
512,user_0512,2023-10-10 12:15:43
513,user_0513,2022-09-10 20:08:54
514,user_0514,2023-02-04 20:23:57
515,user_0515,2023-05-09 08:41:42
516,user_0516,2023-01-21 16:58:48
517,user_0517,2023-11-23 17:32:34
518,user_0518,2023-02-28 18:37:51
519,user_0519,2023-07-10 05:46:11
520,user_0520,2023-04-15 16:11:30
521,user_0521,2023-01-24 06:56:42
522,user_0522,2023-02-04 03:51:31
523,user_0523,2022-07-27 06:29:23
524,user_0524,2023-12-21 14:02:20
525,user_0525,2022-07-17 18:19:17
526,user_0526,2023-10-10 11:03:47
527,user_0527,2022-08-16 23:48:53
528,user_0528,2023-06-11 11:34:34
529,user_0529,2022-12-11 23:25:40
530,user_0530,2023-04-04 08:41:02
531,user_0531,2022-12-30 12:14:04
532,user_0532,2023-09-10 10:20:30
533,user_0533,2023-05-10 18:54:20
534,user_0534,2023-03-11 04:47:42
535,user_0535,2023-06-14 16:28:22
536,user_0536,2023-06-18 09:14:19
537,user_0537,2023-05-29 08:26:35
538,user_0538,2023-04-24 07:56:51
539,user_0539,2023-06-18 15:44:39
540,user_0540,2023-06-09 20:51:07
541,user_0541,2022-08-11 09:24:45
542,user_0542,2023-08-15 02:54:39
543,user_0543,2023-10-24 17:02:17
544,user_0544,2023-08-21 04:27:13
545,user_0545,2022-10-13 09:45:32
546,user_0546,2023-02-05 16:37:05
547,user_0547,2022-11-16 15:25:52
548,user_0548,2022-11-04 14:19:29
549,user_0549,2023-11-01 04:32:44
550,user_0550,2022-09-26 05:20:08
551,user_0551,2023-05-28 10:39:57
552,user_0552,2022-12-17 10:16:36
553,user_0553,2023-06-15 08:52:33
554,user_0554,2022-10-28 03:39:30
555,user_0555,2023-09-10 11:28:00
556,user_0556,2023-12-19 10:34:53
557,user_0557,2023-06-29 21:40:33
558,user_0558,2023-06-06 11:46:33
559,user_0559,2022-07-16 02:58:30
560,user_0560,2023-07-10 21:42:11
561,user_0561,2023-08-06 05:38:11
562,user_0562,2022-08-04 07:52:07
563,user_0563,2023-02-13 10:12:05
564,user_0564,2023-09-04 15:44:50
565,user_0565,2023-03-03 02:48:06
566,user_0566,2023-10-26 09:00:43
567,user_0567,2023-11-17 20:31:08
568,user_0568,2022-08-02 22:55:04
569,user_0569,2022-09-11 16:28:01
570,user_0570,2022-10-01 08:55:53
571,user_0571,2023-02-09 15:38:30
572,user_0572,2023-07-30 20:56:29
573,user_0573,2022-11-25 13:14:48
574,user_0574,2022-09-07 09:38:19
575,user_0575,2023-07-27 11:04:50
576,user_0576,2022-10-31 13:51:22
577,user_0577,2023-01-23 10:29:03
578,user_0578,2023-06-02 18:37:22
579,user_0579,2023-05-27 20:56:11
580,user_0580,2022-09-30 19:35:03
581,user_0581,2023-02-03 14:32:07
582,user_0582,2023-08-17 17:59:12
583,user_0583,2023-02-15 05:39:39
584,user_0584,2023-10-04 14:07:46
585,user_0585,2022-10-27 08:22:13
586,user_0586,2023-04-29 03:36:46
587,user_0587,2023-10-08 13:56:07
588,user_0588,2023-12-15 11:11:20
589,user_0589,2023-08-31 17:20:50
590,user_0590,2023-12-15 02:02:44
591,user_0591,2023-10-15 07:22:46
592,user_0592,2023-03-23 10:45:00
593,user_0593,2023-06-21 21:39:48
594,user_0594,2022-09-13 22:18:47
595,user_0595,2023-07-18 11:23:16
596,user_0596,2023-04-27 02:26:45
597,user_0597,2023-08-09 13:05:16
598,user_0598,2023-09-16 09:25:58
599,user_0599,2022-12-26 04:27:05
600,user_0600,2023-04-29 16:36:04
601,user_0601,2023-05-24 11:11:19
602,user_0602,2023-02-19 15:39:49
603,user_0603,2022-11-11 20:17:37
604,user_0604,2023-10-23 20:44:23
605,user_0605,2022-08-13 18:51:07
606,user_0606,2023-09-02 17:36:43
607,user_0607,2022-10-01 11:38:11
608,user_0608,2023-04-25 09:01:44
609,user_0609,2023-08-10 06:26:27
610,user_0610,2022-07-24 12:56:28
611,user_0611,2023-04-04 08:06:33
612,user_0612,2023-05-20 13:23:11
613,user_0613,2023-02-13 08:44:47
614,user_0614,2022-08-11 22:36:36
615,user_0615,2023-08-11 15:16:29
616,user_0616,2023-08-19 20:08:41
617,user_0617,2023-08-21 23:15:13
618,user_0618,2023-01-04 01:16:14
619,user_0619,2022-09-26 13:43:26
620,user_0620,2023-06-11 22:49:22
621,user_0621,2023-12-11 04:39:51
622,user_0622,2023-04-30 08:26:07
623,user_0623,2023-12-22 18:11:01
624,user_0624,2023-05-18 22:34:59
625,user_0625,2023-03-25 02:11:52
626,user_0626,2023-05-14 15:01:29
627,user_0627,2023-03-30 21:43:25
628,user_0628,2023-03-10 12:20:43
629,user_0629,2022-09-17 20:35:36
630,user_0630,2023-12-16 20:12:31
631,user_0631,2023-02-25 10:00:57
632,user_0632,2023-06-10 22:00:03
633,user_0633,2022-11-22 08:49:28
634,user_0634,2022-12-22 03:32:05
635,user_0635,2022-08-12 10:51:51
636,user_0636,2024-01-16 04:34:28
637,user_0637,2023-11-14 07:43:43
638,user_0638,2023-07-25 02:59:47
639,user_0639,2023-09-09 07:06:13
640,user_0640,2022-09-29 10:12:52
641,user_0641,2023-05-24 10:23:01
642,user_0642,2022-09-18 08:05:49
643,user_0643,2023-01-16 13:53:13
644,user_0644,2022-09-14 04:42:24
645,user_0645,2023-04-04 17:37:34
646,user_0646,2023-05-22 02:29:19
647,user_0647,2022-11-20 17:54:21
648,user_0648,2022-09-27 18:29:02
649,user_0649,2022-08-29 18:23:28
650,user_0650,2023-05-24 15:52:35
651,user_0651,2023-12-25 12:37:29
652,user_0652,2022-10-22 00:29:14
653,user_0653,2023-01-29 18:19:40
654,user_0654,2023-09-01 12:37:17
655,user_0655,2023-12-02 10:20:25
656,user_0656,2022-12-01 01:21:40
657,user_0657,2023-09-02 19:25:32
658,user_0658,2023-01-05 23:16:39
659,user_0659,2023-09-13 01:01:38
660,user_0660,2023-09-03 01:14:44
661,user_0661,2023-11-08 20:36:03
662,user_0662,2022-08-29 16:17:14
663,user_0663,2023-11-14 16:02:07
664,user_0664,2023-03-05 10:56:42
665,user_0665,2023-03-13 10:05:17
666,user_0666,2022-08-01 17:10:12
667,user_0667,2023-02-22 23:42:42
668,user_0668,2023-02-22 21:01:39
669,user_0669,2023-06-24 14:07:47
670,user_0670,2022-08-13 16:43:19
671,user_0671,2023-08-22 13:58:57
672,user_0672,2022-10-14 07:19:30
673,user_0673,2023-08-01 19:41:39
674,user_0674,2023-06-11 16:36:02
675,user_0675,2023-02-17 14:55:49
676,user_0676,2022-07-23 15:27:18
677,user_0677,2022-12-16 08:05:56
678,user_0678,2023-01-04 06:38:47
679,user_0679,2023-07-26 03:46:35
680,user_0680,2023-07-05 10:13:31
681,user_0681,2022-09-04 03:22:48
682,user_0682,2023-01-03 18:40:49
683,user_0683,2023-11-22 12:45:25
684,user_0684,2022-08-10 00:16:47
685,user_0685,2022-08-31 23:23:33
686,user_0686,2022-09-29 22:27:13
687,user_0687,2022-09-29 05:29:54
688,user_0688,2022-12-22 08:30:28
689,user_0689,2023-02-17 09:30:26
690,user_0690,2023-04-02 18:08:57
691,user_0691,2022-11-29 14:32:50
692,user_0692,2023-03-03 06:33:34
693,user_0693,2023-02-22 04:35:05
694,user_0694,2023-12-25 11:58:45
695,user_0695,2023-07-18 08:01:32
696,user_0696,2022-12-18 11:24:53
697,user_0697,2022-12-28 13:19:23
698,user_0698,2023-06-13 14:17:15
699,user_0699,2023-06-05 04:49:59
700,user_0700,2023-07-17 20:51:14
701,user_0701,2023-01-25 21:05:46
702,user_0702,2023-03-10 16:35:48
703,user_0703,2022-07-23 19:44:47
704,user_0704,2023-09-19 07:06:45
705,user_0705,2023-08-04 21:01:23
706,user_0706,2023-09-08 21:05:35
707,user_0707,2023-01-24 09:17:19
708,user_0708,2023-05-09 01:09:01
709,user_0709,2023-02-06 20:47:34
710,user_0710,2023-09-22 03:01:35
711,user_0711,2023-02-09 13:02:00
712,user_0712,2023-06-09 12:05:59
713,user_0713,2023-05-19 11:48:04
714,user_0714,2023-12-04 07:49:32
715,user_0715,2023-03-20 21:06:07
716,user_0716,2022-07-30 04:54:33
717,user_0717,2023-11-14 22:39:35
718,user_0718,2023-01-28 05:29:46
719,user_0719,2023-12-16 14:10:47
720,user_0720,2022-12-20 02:39:04
721,user_0721,2023-06-10 08:37:24
722,user_0722,2023-07-15 03:53:33
723,user_0723,2022-08-01 14:33:47
724,user_0724,2022-09-24 20:49:37
725,user_0725,2023-05-21 22:03:22
726,user_0726,2023-08-31 01:55:54
727,user_0727,2023-06-09 18:05:54
728,user_0728,2023-02-10 15:47:21
729,user_0729,2023-11-27 14:53:28
730,user_0730,2022-12-05 19:23:09
731,user_0731,2023-10-23 11:37:53
732,user_0732,2022-12-23 16:23:47
733,user_0733,2023-04-16 17:48:13
734,user_0734,2023-05-20 10:06:58
735,user_0735,2022-12-22 06:31:20
736,user_0736,2022-09-10 16:59:46
737,user_0737,2023-10-20 22:46:20
738,user_0738,2023-07-04 02:42:44
739,user_0739,2022-07-25 19:40:15
740,user_0740,2022-09-24 09:03:20
741,user_0741,2022-08-29 21:19:17
742,user_0742,2023-07-09 05:08:18
743,user_0743,2023-06-20 07:21:57
744,user_0744,2023-12-04 04:20:43
745,user_0745,2023-06-05 06:41:35
746,user_0746,2023-11-12 15:20:27
747,user_0747,2023-02-27 10:48:44
748,user_0748,2023-05-16 06:26:15
749,user_0749,2023-03-18 02:16:10
750,user_0750,2023-11-11 19:22:13
751,user_0751,2023-07-31 20:59:33
752,user_0752,2022-08-13 18:18:24
753,user_0753,2023-04-29 20:15:36
754,user_0754,2023-12-11 23:29:41
755,user_0755,2022-08-20 14:06:04
756,user_0756,2023-03-03 04:05:38
757,user_0757,2023-02-17 08:21:53
758,user_0758,2023-12-02 03:22:20
759,user_0759,2023-02-10 22:11:09
760,user_0760,2022-09-23 11:16:42
761,user_0761,2023-03-17 05:04:59
762,user_0762,2023-06-17 03:07:22
763,user_0763,2023-08-27 16:22:54
764,user_0764,2023-05-18 15:38:03
765,user_0765,2023-08-14 04:22:22
766,user_0766,2023-11-27 19:44:53
767,user_0767,2022-08-08 08:41:20
768,user_0768,2023-10-31 21:04:12
769,user_0769,2022-08-19 13:04:36
770,user_0770,2023-05-29 01:20:45
771,user_0771,2023-06-17 22:15:11
772,user_0772,2023-09-05 02:42:54
773,user_0773,2023-12-12 19:17:58
774,user_0774,2022-10-07 01:01:28
775,user_0775,2022-12-12 06:04:23
776,user_0776,2023-12-20 05:24:31
777,user_0777,2023-07-17 09:01:48
778,user_0778,2022-10-03 03:14:28
779,user_0779,2023-03-11 15:19:51
780,user_0780,2023-08-03 19:15:25
781,user_0781,2023-04-08 02:55:03
782,user_0782,2022-09-05 10:40:02
783,user_0783,2023-04-08 01:33:53
784,user_0784,2023-08-15 04:24:40
785,user_0785,2022-12-24 06:28:48
786,user_0786,2023-01-28 10:14:54
787,user_0787,2023-12-07 15:13:32
788,user_0788,2022-12-22 15:09:35
789,user_0789,2024-01-14 11:13:41
790,user_0790,2023-02-14 06:58:03
791,user_0791,2022-08-06 02:35:56
792,user_0792,2023-06-15 08:43:21
793,user_0793,2023-09-10 17:13:56
794,user_0794,2022-11-20 10:48:45
795,user_0795,2022-09-04 16:54:54
796,user_0796,2023-09-12 13:42:08
797,user_0797,2023-12-10 19:44:12
798,user_0798,2022-08-08 12:03:39
799,user_0799,2023-05-28 18:16:08
800,user_0800,2023-05-26 18:44:22
801,user_0801,2023-07-06 13:23:33
802,user_0802,2023-10-06 07:37:57
803,user_0803,2023-01-17 00:42:23
804,user_0804,2023-04-25 19:28:30
805,user_0805,2023-12-15 12:44:49
806,user_0806,2022-08-27 21:34:40
807,user_0807,2023-12-17 17:42:45
808,user_0808,2023-06-14 22:36:12
809,user_0809,2023-12-28 04:36:38
810,user_0810,2022-07-21 16:52:40
811,user_0811,2023-04-03 08:01:50
812,user_0812,2024-01-01 13:11:38
813,user_0813,2023-02-20 10:18:56
814,user_0814,2023-07-14 08:11:15
815,user_0815,2023-09-07 02:15:48
816,user_0816,2023-10-11 23:29:19
817,user_0817,2023-05-15 02:34:37
818,user_0818,2023-06-21 11:51:03
819,user_0819,2023-12-21 12:16:36
820,user_0820,2022-11-16 08:27:40
821,user_0821,2023-10-10 09:15:29
822,user_0822,2023-11-25 00:05:27
823,user_0823,2023-08-29 11:05:00
824,user_0824,2023-09-17 16:45:07
825,user_0825,2022-11-22 09:19:37
826,user_0826,2023-12-13 23:53:57
827,user_0827,2023-05-25 09:03:33
828,user_0828,2023-11-03 02:14:39
829,user_0829,2023-07-30 18:44:32
830,user_0830,2023-07-07 03:21:53
831,user_0831,2023-07-19 22:57:04
832,user_0832,2023-08-08 14:20:59
833,user_0833,2023-12-31 17:54:23
834,user_0834,2023-12-16 01:44:50
835,user_0835,2023-04-11 17:28:27
836,user_0836,2022-09-18 17:20:34
837,user_0837,2023-07-25 09:31:11
838,user_0838,2022-09-23 18:14:54
839,user_0839,2023-05-28 09:03:16
840,user_0840,2023-02-03 21:21:44
841,user_0841,2023-01-08 10:16:02
842,user_0842,2023-11-16 11:55:53
843,user_0843,2023-07-24 07:31:55
844,user_0844,2023-04-04 16:37:04
845,user_0845,2022-12-31 18:16:44
846,user_0846,2023-01-03 12:30:48
847,user_0847,2022-08-29 04:54:13
848,user_0848,2023-03-18 17:42:44
849,user_0849,2022-12-23 01:04:29
850,user_0850,2022-08-16 16:07:24
851,user_0851,2023-07-11 05:23:37
852,user_0852,2022-10-31 07:02:00
853,user_0853,2023-03-29 09:20:48
854,user_0854,2023-03-25 20:53:31
855,user_0855,2023-11-06 12:37:58
856,user_0856,2023-02-08 13:43:32
857,user_0857,2023-09-13 08:27:43
858,user_0858,2023-12-01 12:02:34
859,user_0859,2023-04-10 22:59:26
860,user_0860,2022-08-02 12:53:59
861,user_0861,2023-12-26 05:03:21
862,user_0862,2022-09-23 01:00:04
863,user_0863,2022-12-24 14:18:22
864,user_0864,2022-08-07 16:27:22
865,user_0865,2022-10-02 08:20:27
866,user_0866,2023-08-11 09:23:38
867,user_0867,2022-12-22 18:31:10
868,user_0868,2022-07-27 04:15:00
869,user_0869,2023-11-29 08:14:02
870,user_0870,2023-01-13 06:41:16
871,user_0871,2022-11-27 14:45:00
872,user_0872,2023-03-06 06:18:36
873,user_0873,2023-11-13 16:10:27
874,user_0874,2023-05-09 00:17:01
875,user_0875,2022-09-20 15:43:22
876,user_0876,2022-08-10 19:37:54
877,user_0877,2022-12-31 00:14:14
878,user_0878,2022-10-05 20:28:50
879,user_0879,2022-12-15 00:58:31
880,user_0880,2023-10-21 09:51:37
881,user_0881,2022-10-30 08:49:27
882,user_0882,2023-12-23 14:52:35
883,user_0883,2023-01-11 07:08:58
884,user_0884,2023-05-28 23:23:28
885,user_0885,2023-10-24 13:02:37
886,user_0886,2023-04-26 16:39:56
887,user_0887,2023-04-30 12:52:50
888,user_0888,2022-08-04 02:54:49
889,user_0889,2023-05-29 05:59:06
890,user_0890,2023-03-26 01:46:36
891,user_0891,2022-10-26 18:34:52
892,user_0892,2023-09-07 03:21:12
893,user_0893,2023-08-17 01:12:07
894,user_0894,2022-12-01 10:01:11
895,user_0895,2023-12-09 16:35:30
896,user_0896,2023-03-10 19:20:03
897,user_0897,2023-09-01 23:56:48
898,user_0898,2023-12-14 04:16:07
899,user_0899,2022-10-12 08:36:33
900,user_0900,2023-05-06 21:31:22
901,user_0901,2023-04-27 10:07:15
902,user_0902,2023-11-05 05:13:40
903,user_0903,2023-05-16 11:16:40
904,user_0904,2022-07-30 08:22:34
905,user_0905,2023-03-17 07:49:55
906,user_0906,2022-11-05 08:46:42
907,user_0907,2023-05-15 16:43:33
908,user_0908,2022-08-29 20:51:48
909,user_0909,2023-12-01 20:12:41
910,user_0910,2023-10-27 10:11:55
911,user_0911,2023-06-30 06:14:21
912,user_0912,2023-01-26 20:17:50
913,user_0913,2023-06-20 09:24:34
914,user_0914,2022-10-28 17:37:06
915,user_0915,2023-06-14 01:39:15
916,user_0916,2022-12-24 15:22:18
917,user_0917,2022-08-24 03:44:57
918,user_0918,2023-03-08 17:18:11
919,user_0919,2023-01-24 03:47:48
920,user_0920,2022-09-08 04:54:46
921,user_0921,2022-12-15 09:55:45
922,user_0922,2023-02-10 05:12:34
923,user_0923,2022-09-08 22:37:35
924,user_0924,2023-02-11 09:25:45
925,user_0925,2022-08-18 06:15:50
926,user_0926,2023-08-08 14:38:10
927,user_0927,2022-12-22 05:33:57
928,user_0928,2023-10-15 01:46:44
929,user_0929,2022-11-29 15:56:59
930,user_0930,2023-12-18 06:28:29
931,user_0931,2023-05-20 06:11:57
932,user_0932,2023-12-19 21:56:00
933,user_0933,2022-10-24 18:33:30
934,user_0934,2023-11-26 03:26:02
935,user_0935,2023-06-19 23:07:55
936,user_0936,2023-12-10 02:17:51
937,user_0937,2023-04-05 22:01:44
938,user_0938,2023-03-03 07:08:04
939,user_0939,2022-08-31 12:29:38
940,user_0940,2023-04-23 01:46:13
941,user_0941,2022-09-11 22:32:27
942,user_0942,2022-09-15 01:33:11
943,user_0943,2023-03-13 06:17:33
944,user_0944,2023-06-08 15:48:01
945,user_0945,2022-09-25 14:38:10
946,user_0946,2023-09-14 09:30:11
947,user_0947,2022-12-06 10:38:14
948,user_0948,2022-12-01 12:04:05
949,user_0949,2023-08-30 08:56:22
950,user_0950,2022-09-29 09:07:21
951,user_0951,2024-01-15 16:04:18
952,user_0952,2022-12-17 03:42:00
953,user_0953,2023-01-18 07:31:06
954,user_0954,2022-09-02 11:22:14
955,user_0955,2023-08-21 11:09:38
956,user_0956,2023-12-16 06:28:13
957,user_0957,2023-08-20 08:33:03
958,user_0958,2023-12-18 02:44:14
959,user_0959,2023-06-12 18:43:05
960,user_0960,2023-10-24 08:48:18
961,user_0961,2023-10-20 15:12:05
962,user_0962,2022-08-11 05:33:31
963,user_0963,2022-12-24 03:44:39
964,user_0964,2023-04-29 20:38:58
965,user_0965,2022-12-06 16:06:08
966,user_0966,2022-10-09 06:46:42
967,user_0967,2023-03-24 23:09:38
968,user_0968,2023-04-07 07:31:33
969,user_0969,2023-10-14 16:54:07
970,user_0970,2023-07-27 20:53:52
971,user_0971,2023-09-22 15:15:26
972,user_0972,2023-09-15 05:41:26
973,user_0973,2023-03-19 20:42:56
974,user_0974,2023-10-19 17:21:29
975,user_0975,2023-02-25 00:34:06
976,user_0976,2023-06-11 18:02:18
977,user_0977,2023-08-18 16:52:42
978,user_0978,2022-08-09 12:26:24
979,user_0979,2023-10-26 11:18:42
980,user_0980,2023-06-06 08:27:58
981,user_0981,2023-12-29 05:57:57
982,user_0982,2023-05-13 08:20:03
983,user_0983,2023-12-05 17:39:24
984,user_0984,2022-09-05 00:01:38
985,user_0985,2023-09-18 16:11:23
986,user_0986,2023-10-05 18:04:59
987,user_0987,2023-06-30 17:54:56
988,user_0988,2023-10-05 15:56:06
989,user_0989,2023-07-16 01:33:16
990,user_0990,2023-06-08 22:05:09
991,user_0991,2023-01-13 10:44:45
992,user_0992,2023-12-24 15:14:51
993,user_0993,2022-10-03 22:49:12
994,user_0994,2022-12-10 23:50:40
995,user_0995,2023-08-13 01:14:20
996,user_0996,2023-07-24 08:14:45
997,user_0997,2022-08-07 12:53:14
998,user_0998,2023-03-13 14:36:04
999,user_0999,2023-11-20 05:31:58
1000,user_1000,2022-09-14 12:37:07
